1.0,2.0
2.0,0.0
3.0,8.0
4.0,8.0
5.0,8.0
6.0,1.0
7.0,8.0
9.0,8.0
10.0,8.0
11.0,4.0
12.0,8.0
14.0,4.0
15.0,8.0
16.0,1.0
17.0,6.0
18.0,8.0
19.0,0.0
20.0,8.0
21.0,4.0
22.0,8.0
23.0,8.0
24.0,8.0
25.0,1.0
26.0,4.0
27.0,4.0
28.0,4.0
29.0,1.0
31.0,8.0
32.0,1.0
34.0,6.0
36.0,6.0
39.0,4.0
41.0,4.0
42.0,8.0
43.0,4.0
44.0,0.0
45.0,4.0
46.0,8.0
47.0,5.0
48.0,0.0
50.0,5.0
52.0,4.0
57.0,4.0
58.0,4.0
60.0,8.0
62.0,4.0
63.0,8.0
65.0,0.0
66.0,8.0
69.0,4.0
70.0,8.0
72.0,4.0
73.0,4.0
74.0,8.0
76.0,8.0
79.0,8.0
81.0,4.0
82.0,4.0
85.0,4.0
86.0,4.0
88.0,8.0
89.0,8.0
92.0,8.0
93.0,8.0
94.0,4.0
95.0,0.0
97.0,4.0
100.0,8.0
101.0,4.0
104.0,8.0
105.0,8.0
107.0,8.0
110.0,3.0
111.0,7.0
112.0,8.0
122.0,8.0
123.0,4.0
125.0,4.0
132.0,8.0
135.0,8.0
140.0,8.0
141.0,4.0
144.0,4.0
145.0,8.0
147.0,4.0
150.0,2.0
151.0,4.0
153.0,0.0
154.0,4.0
157.0,8.0
158.0,0.0
159.0,4.0
160.0,0.0
161.0,4.0
162.0,6.0
163.0,4.0
164.0,4.0
165.0,4.0
168.0,0.0
169.0,8.0
170.0,8.0
172.0,0.0
173.0,0.0
174.0,8.0
175.0,4.0
176.0,4.0
177.0,8.0
180.0,4.0
181.0,8.0
185.0,0.0
186.0,8.0
187.0,4.0
188.0,4.0
190.0,4.0
191.0,8.0
193.0,0.0
194.0,4.0
195.0,8.0
196.0,0.0
198.0,4.0
199.0,4.0
203.0,8.0
204.0,0.0
207.0,8.0
208.0,0.0
213.0,4.0
215.0,4.0
216.0,8.0
218.0,8.0
222.0,4.0
223.0,1.0
224.0,4.0
225.0,8.0
227.0,8.0
229.0,4.0
230.0,4.0
231.0,0.0
232.0,4.0
233.0,4.0
234.0,8.0
235.0,1.0
236.0,8.0
237.0,8.0
239.0,8.0
246.0,6.0
247.0,6.0
248.0,8.0
249.0,4.0
252.0,8.0
253.0,4.0
256.0,0.0
257.0,8.0
258.0,8.0
259.0,8.0
260.0,3.0
261.0,4.0
262.0,4.0
265.0,4.0
266.0,8.0
267.0,8.0
272.0,4.0
273.0,8.0
276.0,8.0
277.0,8.0
280.0,4.0
281.0,4.0
282.0,8.0
288.0,4.0
289.0,4.0
290.0,4.0
292.0,8.0
293.0,1.0
296.0,5.0
299.0,4.0
300.0,6.0
303.0,8.0
305.0,8.0
306.0,6.0
307.0,6.0
308.0,4.0
314.0,4.0
315.0,0.0
316.0,8.0
317.0,0.0
318.0,5.0
319.0,4.0
322.0,4.0
327.0,8.0
328.0,8.0
329.0,8.0
332.0,8.0
333.0,8.0
334.0,4.0
337.0,1.0
338.0,8.0
339.0,8.0
342.0,4.0
344.0,0.0
345.0,4.0
346.0,4.0
348.0,4.0
349.0,4.0
350.0,8.0
351.0,8.0
353.0,4.0
355.0,0.0
356.0,3.0
357.0,4.0
358.0,4.0
360.0,8.0
361.0,8.0
362.0,8.0
364.0,2.0
365.0,4.0
366.0,8.0
367.0,0.0
368.0,8.0
370.0,0.0
371.0,4.0
372.0,8.0
373.0,4.0
374.0,0.0
376.0,8.0
377.0,8.0
378.0,8.0
379.0,0.0
380.0,8.0
381.0,8.0
382.0,8.0
383.0,8.0
390.0,4.0
393.0,0.0
405.0,8.0
407.0,4.0
410.0,0.0
412.0,4.0
413.0,8.0
415.0,8.0
416.0,8.0
417.0,4.0
419.0,8.0
420.0,0.0
423.0,8.0
426.0,8.0
427.0,8.0
428.0,4.0
429.0,8.0
431.0,4.0
432.0,0.0
434.0,0.0
435.0,0.0
436.0,8.0
438.0,8.0
440.0,4.0
441.0,4.0
442.0,0.0
445.0,8.0
446.0,4.0
448.0,4.0
450.0,8.0
454.0,8.0
455.0,0.0
456.0,4.0
457.0,2.0
459.0,8.0
464.0,8.0
466.0,0.0
468.0,4.0
471.0,1.0
473.0,8.0
474.0,4.0
475.0,4.0
477.0,4.0
479.0,8.0
480.0,2.0
481.0,4.0
482.0,4.0
485.0,0.0
489.0,8.0
490.0,4.0
491.0,8.0
492.0,4.0
493.0,4.0
494.0,8.0
497.0,4.0
500.0,0.0
501.0,4.0
502.0,0.0
504.0,8.0
505.0,8.0
506.0,4.0
507.0,4.0
508.0,4.0
509.0,4.0
511.0,8.0
512.0,8.0
514.0,4.0
515.0,6.0
516.0,8.0
517.0,8.0
518.0,8.0
519.0,0.0
520.0,0.0
521.0,4.0
522.0,4.0
524.0,4.0
527.0,3.0
529.0,6.0
531.0,4.0
532.0,8.0
533.0,8.0
534.0,4.0
535.0,4.0
537.0,8.0
538.0,4.0
539.0,8.0
540.0,8.0
541.0,7.0
542.0,8.0
543.0,8.0
544.0,8.0
546.0,0.0
548.0,8.0
549.0,4.0
550.0,8.0
551.0,1.0
552.0,8.0
553.0,4.0
555.0,1.0
556.0,4.0
558.0,8.0
562.0,4.0
569.0,8.0
574.0,4.0
575.0,8.0
581.0,4.0
585.0,8.0
586.0,0.0
587.0,8.0
588.0,2.0
589.0,3.0
590.0,2.0
592.0,2.0
593.0,5.0
594.0,6.0
595.0,2.0
596.0,6.0
597.0,8.0
599.0,6.0
605.0,8.0
606.0,8.0
608.0,7.0
610.0,8.0
611.0,8.0
612.0,8.0
613.0,4.0
616.0,4.0
627.0,4.0
628.0,4.0
637.0,8.0
640.0,8.0
647.0,4.0
648.0,8.0
653.0,8.0
661.0,4.0
662.0,8.0
663.0,4.0
671.0,4.0
673.0,0.0
674.0,8.0
678.0,4.0
680.0,4.0
688.0,8.0
691.0,8.0
694.0,8.0
697.0,8.0
700.0,4.0
707.0,8.0
708.0,8.0
709.0,4.0
714.0,4.0
719.0,8.0
720.0,6.0
724.0,8.0
725.0,8.0
728.0,4.0
733.0,4.0
735.0,4.0
736.0,0.0
737.0,0.0
741.0,1.0
742.0,8.0
743.0,8.0
745.0,6.0
748.0,8.0
750.0,7.0
761.0,8.0
762.0,0.0
765.0,8.0
766.0,4.0
778.0,1.0
780.0,0.0
781.0,4.0
782.0,8.0
783.0,8.0
784.0,0.0
785.0,4.0
786.0,0.0
788.0,0.0
798.0,8.0
799.0,4.0
800.0,6.0
801.0,8.0
802.0,8.0
804.0,8.0
805.0,4.0
810.0,8.0
818.0,8.0
829.0,8.0
830.0,8.0
832.0,8.0
833.0,8.0
836.0,8.0
837.0,4.0
838.0,4.0
839.0,8.0
842.0,8.0
848.0,4.0
849.0,0.0
851.0,4.0
852.0,8.0
858.0,7.0
861.0,4.0
866.0,4.0
879.0,8.0
880.0,0.0
886.0,8.0
891.0,8.0
892.0,4.0
898.0,6.0
899.0,6.0
900.0,4.0
901.0,4.0
902.0,6.0
903.0,6.0
904.0,7.0
905.0,6.0
906.0,4.0
908.0,6.0
909.0,6.0
910.0,6.0
911.0,6.0
912.0,7.0
913.0,6.0
914.0,6.0
915.0,4.0
916.0,6.0
917.0,4.0
918.0,4.0
919.0,6.0
920.0,6.0
921.0,4.0
922.0,6.0
923.0,7.0
924.0,7.0
926.0,6.0
928.0,6.0
929.0,4.0
930.0,6.0
931.0,4.0
932.0,4.0
933.0,6.0
934.0,4.0
936.0,4.0
938.0,4.0
940.0,6.0
942.0,6.0
943.0,4.0
944.0,4.0
945.0,4.0
946.0,4.0
947.0,4.0
948.0,4.0
949.0,4.0
950.0,6.0
951.0,6.0
952.0,4.0
953.0,6.0
954.0,6.0
955.0,6.0
965.0,6.0
968.0,4.0
969.0,6.0
971.0,4.0
973.0,4.0
986.0,4.0
991.0,4.0
994.0,6.0
996.0,8.0
999.0,4.0
1003.0,8.0
1004.0,8.0
1005.0,8.0
1007.0,8.0
1009.0,8.0
1010.0,8.0
1011.0,8.0
1012.0,4.0
1013.0,4.0
1014.0,4.0
1015.0,8.0
1016.0,4.0
1017.0,4.0
1018.0,4.0
1019.0,4.0
1020.0,8.0
1021.0,8.0
1022.0,4.0
1023.0,4.0
1024.0,4.0
1025.0,4.0
1027.0,8.0
1028.0,6.0
1029.0,4.0
1030.0,8.0
1031.0,4.0
1032.0,4.0
1033.0,4.0
1034.0,4.0
1035.0,6.0
1036.0,3.0
1037.0,0.0
1041.0,6.0
1042.0,4.0
1047.0,8.0
1049.0,8.0
1050.0,4.0
1051.0,4.0
1057.0,4.0
1059.0,4.0
1060.0,6.0
1061.0,4.0
1064.0,8.0
1066.0,4.0
1073.0,6.0
1077.0,6.0
1078.0,4.0
1079.0,6.0
1080.0,1.0
1081.0,4.0
1082.0,4.0
1083.0,4.0
1084.0,6.0
1085.0,4.0
1086.0,6.0
1088.0,0.0
1089.0,7.0
1090.0,1.0
1091.0,8.0
1092.0,8.0
1093.0,4.0
1094.0,6.0
1095.0,6.0
1096.0,4.0
1097.0,2.0
1099.0,4.0
1100.0,8.0
1101.0,8.0
1103.0,6.0
1104.0,6.0
1111.0,4.0
1120.0,4.0
1124.0,4.0
1125.0,4.0
1126.0,8.0
1127.0,2.0
1128.0,8.0
1129.0,4.0
1130.0,4.0
1131.0,4.0
1132.0,4.0
1135.0,8.0
1136.0,7.0
1147.0,6.0
1148.0,6.0
1150.0,4.0
1161.0,4.0
1171.0,4.0
1172.0,6.0
1173.0,4.0
1175.0,1.0
1176.0,4.0
1177.0,4.0
1178.0,6.0
1179.0,6.0
1183.0,4.0
1185.0,6.0
1186.0,4.0
1187.0,4.0
1188.0,4.0
1189.0,6.0
1190.0,4.0
1191.0,8.0
1193.0,7.0
1194.0,4.0
1196.0,3.0
1197.0,2.0
1198.0,3.0
1199.0,1.0
1200.0,3.0
1201.0,7.0
1202.0,4.0
1203.0,6.0
1204.0,6.0
1206.0,7.0
1207.0,6.0
1208.0,7.0
1209.0,6.0
1210.0,3.0
1211.0,4.0
1212.0,6.0
1213.0,7.0
1214.0,7.0
1215.0,1.0
1216.0,4.0
1217.0,6.0
1218.0,4.0
1219.0,7.0
1220.0,1.0
1221.0,7.0
1222.0,7.0
1223.0,6.0
1224.0,6.0
1225.0,6.0
1226.0,4.0
1227.0,6.0
1228.0,6.0
1230.0,6.0
1231.0,6.0
1232.0,4.0
1233.0,6.0
1234.0,6.0
1235.0,6.0
1237.0,6.0
1238.0,4.0
1240.0,3.0
1241.0,4.0
1242.0,6.0
1243.0,4.0
1244.0,6.0
1245.0,6.0
1246.0,2.0
1247.0,6.0
1248.0,6.0
1249.0,6.0
1250.0,6.0
1251.0,6.0
1252.0,7.0
1253.0,6.0
1254.0,6.0
1255.0,4.0
1256.0,6.0
1257.0,4.0
1258.0,7.0
1259.0,2.0
1260.0,6.0
1261.0,1.0
1262.0,6.0
1263.0,6.0
1264.0,4.0
1265.0,1.0
1266.0,6.0
1267.0,6.0
1268.0,4.0
1269.0,6.0
1270.0,3.0
1271.0,4.0
1272.0,6.0
1273.0,4.0
1274.0,1.0
1275.0,4.0
1276.0,6.0
1277.0,4.0
1278.0,6.0
1279.0,4.0
1280.0,4.0
1281.0,6.0
1282.0,6.0
1283.0,6.0
1284.0,6.0
1285.0,6.0
1286.0,4.0
1287.0,6.0
1288.0,6.0
1289.0,4.0
1290.0,4.0
1291.0,3.0
1292.0,6.0
1293.0,6.0
1295.0,4.0
1296.0,6.0
1297.0,4.0
1298.0,4.0
1299.0,6.0
1300.0,4.0
1301.0,4.0
1302.0,2.0
1303.0,6.0
1304.0,6.0
1305.0,4.0
1307.0,2.0
1320.0,8.0
1321.0,4.0
1327.0,8.0
1333.0,6.0
1334.0,4.0
1339.0,4.0
1340.0,4.0
1342.0,8.0
1343.0,4.0
1344.0,4.0
1345.0,4.0
1346.0,8.0
1347.0,4.0
1348.0,6.0
1350.0,4.0
1353.0,8.0
1354.0,4.0
1356.0,4.0
1357.0,4.0
1358.0,6.0
1359.0,8.0
1361.0,4.0
1363.0,8.0
1366.0,4.0
1367.0,8.0
1370.0,8.0
1371.0,8.0
1372.0,8.0
1373.0,0.0
1374.0,6.0
1375.0,8.0
1376.0,4.0
1377.0,8.0
1378.0,8.0
1379.0,8.0
1380.0,8.0
1381.0,0.0
1382.0,8.0
1385.0,8.0
1387.0,7.0
1388.0,8.0
1389.0,8.0
1390.0,8.0
1391.0,0.0
1392.0,4.0
1393.0,2.0
1394.0,6.0
1395.0,4.0
1396.0,4.0
1399.0,4.0
1401.0,4.0
1405.0,8.0
1407.0,4.0
1408.0,4.0
1409.0,8.0
1411.0,4.0
1414.0,4.0
1416.0,8.0
1419.0,4.0
1422.0,8.0
1425.0,8.0
1429.0,8.0
1431.0,8.0
1432.0,8.0
1438.0,0.0
1441.0,4.0
1445.0,8.0
1446.0,4.0
1449.0,6.0
1453.0,8.0
1457.0,8.0
1459.0,8.0
1461.0,8.0
1464.0,4.0
1466.0,1.0
1468.0,8.0
1474.0,8.0
1476.0,4.0
1479.0,8.0
1480.0,4.0
1483.0,8.0
1484.0,4.0
1485.0,0.0
1487.0,8.0
1488.0,8.0
1498.0,4.0
1499.0,0.0
1500.0,1.0
1503.0,8.0
1513.0,8.0
1515.0,8.0
1517.0,4.0
1518.0,4.0
1527.0,1.0
1537.0,4.0
1541.0,8.0
1542.0,4.0
1544.0,0.0
1552.0,0.0
1554.0,4.0
1556.0,0.0
1562.0,0.0
1566.0,8.0
1569.0,8.0
1573.0,8.0
1580.0,2.0
1584.0,4.0
1586.0,8.0
1587.0,8.0
1588.0,8.0
1589.0,4.0
1590.0,8.0
1591.0,0.0
1592.0,8.0
1593.0,8.0
1594.0,4.0
1597.0,8.0
1598.0,8.0
1603.0,8.0
1605.0,8.0
1606.0,8.0
1608.0,0.0
1610.0,2.0
1611.0,4.0
1614.0,8.0
1615.0,4.0
1616.0,8.0
1617.0,7.0
1619.0,4.0
1620.0,8.0
1625.0,1.0
1627.0,8.0
1629.0,4.0
1633.0,4.0
1635.0,6.0
1639.0,1.0
1641.0,6.0
1643.0,4.0
1644.0,0.0
1645.0,8.0
1648.0,4.0
1649.0,4.0
1653.0,1.0
1658.0,8.0
1660.0,4.0
1663.0,4.0
1665.0,8.0
1667.0,8.0
1672.0,4.0
1673.0,1.0
1674.0,6.0
1676.0,8.0
1678.0,4.0
1680.0,4.0
1681.0,8.0
1682.0,1.0
1683.0,4.0
1687.0,8.0
1688.0,8.0
1689.0,8.0
1690.0,0.0
1693.0,4.0
1694.0,4.0
1699.0,4.0
1701.0,4.0
1702.0,0.0
1704.0,2.0
1707.0,0.0
1711.0,8.0
1713.0,8.0
1717.0,0.0
1719.0,6.0
1721.0,8.0
1722.0,8.0
1726.0,8.0
1727.0,8.0
1729.0,1.0
1730.0,4.0
1732.0,1.0
1734.0,4.0
1735.0,4.0
1747.0,4.0
1748.0,1.0
1752.0,8.0
1753.0,8.0
1754.0,4.0
1760.0,0.0
1762.0,8.0
1769.0,8.0
1772.0,8.0
1777.0,4.0
1779.0,0.0
1783.0,8.0
1784.0,2.0
1785.0,4.0
1792.0,8.0
1794.0,4.0
1797.0,4.0
1799.0,4.0
1801.0,8.0
1804.0,8.0
1805.0,8.0
1806.0,8.0
1809.0,4.0
1810.0,4.0
1816.0,8.0
1821.0,8.0
1827.0,4.0
1831.0,0.0
1833.0,8.0
1834.0,4.0
1835.0,8.0
1836.0,4.0
1840.0,4.0
1841.0,4.0
1845.0,4.0
1848.0,8.0
1855.0,8.0
1858.0,8.0
1862.0,8.0
1863.0,8.0
1866.0,8.0
1873.0,4.0
1875.0,4.0
1876.0,0.0
1882.0,0.0
1883.0,4.0
1884.0,1.0
1885.0,4.0
1888.0,8.0
1889.0,4.0
1892.0,8.0
1894.0,8.0
1895.0,8.0
1897.0,4.0
1904.0,4.0
1907.0,4.0
1909.0,8.0
1911.0,0.0
1912.0,6.0
1913.0,4.0
1914.0,4.0
1916.0,4.0
1917.0,0.0
1918.0,0.0
1920.0,8.0
1921.0,1.0
1923.0,4.0
1924.0,8.0
1927.0,6.0
1931.0,4.0
1934.0,4.0
1935.0,4.0
1938.0,4.0
1939.0,4.0
1944.0,6.0
1945.0,6.0
1946.0,4.0
1947.0,6.0
1948.0,4.0
1949.0,4.0
1950.0,6.0
1951.0,4.0
1952.0,6.0
1953.0,6.0
1954.0,2.0
1955.0,4.0
1956.0,6.0
1957.0,4.0
1958.0,4.0
1959.0,4.0
1960.0,6.0
1961.0,2.0
1962.0,4.0
1963.0,4.0
1964.0,4.0
1965.0,4.0
1966.0,4.0
1967.0,4.0
1968.0,2.0
1969.0,8.0
1970.0,8.0
1971.0,8.0
1972.0,8.0
1973.0,8.0
1974.0,8.0
1975.0,8.0
1976.0,8.0
1977.0,8.0
1978.0,8.0
1979.0,8.0
1980.0,8.0
1981.0,8.0
1982.0,4.0
1983.0,8.0
1984.0,8.0
1985.0,8.0
1986.0,8.0
1991.0,8.0
1992.0,8.0
1993.0,8.0
1994.0,4.0
1995.0,8.0
1996.0,8.0
1997.0,1.0
1998.0,8.0
1999.0,8.0
2000.0,2.0
2001.0,8.0
2002.0,8.0
2003.0,4.0
2004.0,8.0
2005.0,4.0
2006.0,8.0
2009.0,4.0
2010.0,6.0
2011.0,8.0
2012.0,8.0
2013.0,4.0
2014.0,8.0
2015.0,4.0
2016.0,8.0
2017.0,8.0
2018.0,6.0
2019.0,6.0
2020.0,6.0
2021.0,8.0
2022.0,4.0
2023.0,4.0
2025.0,4.0
2026.0,8.0
2027.0,8.0
2028.0,3.0
2033.0,4.0
2034.0,8.0
2036.0,8.0
2038.0,8.0
2042.0,8.0
2043.0,4.0
2046.0,4.0
2048.0,4.0
2050.0,8.0
2051.0,8.0
2052.0,8.0
2053.0,0.0
2054.0,0.0
2058.0,4.0
2059.0,8.0
2060.0,8.0
2064.0,6.0
2065.0,4.0
2066.0,4.0
2067.0,6.0
2068.0,4.0
2069.0,4.0
2070.0,4.0
2071.0,4.0
2072.0,8.0
2076.0,1.0
2077.0,4.0
2078.0,4.0
2080.0,4.0
2081.0,4.0
2082.0,8.0
2083.0,4.0
2084.0,8.0
2085.0,4.0
2087.0,4.0
2088.0,8.0
2089.0,4.0
2090.0,4.0
2091.0,8.0
2092.0,8.0
2093.0,8.0
2094.0,8.0
2095.0,8.0
2096.0,4.0
2097.0,4.0
2099.0,4.0
2100.0,8.0
2102.0,4.0
2105.0,8.0
2106.0,4.0
2107.0,8.0
2108.0,4.0
2109.0,4.0
2110.0,4.0
2111.0,4.0
2112.0,4.0
2114.0,4.0
2115.0,2.0
2116.0,8.0
2117.0,4.0
2118.0,4.0
2119.0,8.0
2120.0,8.0
2121.0,8.0
2122.0,8.0
2123.0,8.0
2124.0,8.0
2125.0,4.0
2126.0,8.0
2130.0,4.0
2132.0,6.0
2133.0,8.0
2134.0,8.0
2135.0,8.0
2136.0,8.0
2137.0,4.0
2138.0,4.0
2139.0,4.0
2140.0,4.0
2141.0,4.0
2142.0,8.0
2143.0,8.0
2144.0,4.0
2145.0,4.0
2146.0,8.0
2147.0,8.0
2148.0,8.0
2150.0,4.0
2151.0,8.0
2153.0,0.0
2154.0,8.0
2155.0,4.0
2159.0,4.0
2160.0,6.0
2161.0,4.0
2162.0,8.0
2163.0,8.0
2165.0,4.0
2166.0,4.0
2167.0,8.0
2169.0,8.0
2170.0,8.0
2171.0,4.0
2174.0,1.0
2176.0,6.0
2178.0,4.0
2181.0,4.0
2183.0,4.0
2184.0,4.0
2186.0,6.0
2188.0,8.0
2193.0,4.0
2194.0,2.0
2195.0,8.0
2202.0,4.0
2203.0,6.0
2206.0,4.0
2208.0,6.0
2212.0,4.0
2231.0,4.0
2232.0,4.0
2236.0,4.0
2240.0,4.0
2243.0,4.0
2245.0,4.0
2247.0,8.0
2248.0,6.0
2249.0,8.0
2252.0,8.0
2253.0,8.0
2259.0,8.0
2261.0,4.0
2262.0,8.0
2263.0,8.0
2265.0,8.0
2266.0,8.0
2268.0,2.0
2269.0,8.0
2273.0,8.0
2278.0,4.0
2279.0,8.0
2280.0,4.0
2282.0,4.0
2287.0,4.0
2288.0,1.0
2289.0,6.0
2290.0,4.0
2291.0,1.0
2294.0,4.0
2296.0,8.0
2297.0,8.0
2300.0,6.0
2301.0,4.0
2302.0,4.0
2303.0,4.0
2306.0,8.0
2311.0,4.0
2312.0,4.0
2313.0,6.0
2315.0,8.0
2316.0,8.0
2318.0,4.0
2320.0,8.0
2321.0,4.0
2322.0,8.0
2324.0,1.0
2325.0,8.0
2328.0,8.0
2329.0,5.0
2331.0,4.0
2333.0,4.0
2334.0,8.0
2335.0,8.0
2336.0,6.0
2337.0,4.0
2338.0,0.0
2340.0,8.0
2344.0,4.0
2346.0,4.0
2348.0,4.0
2349.0,4.0
2351.0,4.0
2352.0,4.0
2353.0,4.0
2354.0,8.0
2355.0,2.0
2356.0,8.0
2357.0,4.0
2359.0,4.0
2360.0,4.0
2361.0,4.0
2363.0,4.0
2366.0,6.0
2367.0,8.0
2369.0,8.0
2370.0,4.0
2371.0,4.0
2372.0,8.0
2373.0,8.0
2374.0,8.0
2375.0,8.0
2376.0,8.0
2377.0,8.0
2378.0,8.0
2379.0,0.0
2380.0,0.0
2381.0,0.0
2382.0,0.0
2383.0,0.0
2384.0,8.0
2385.0,8.0
2387.0,8.0
2389.0,8.0
2390.0,4.0
2391.0,6.0
2392.0,8.0
2393.0,8.0
2394.0,4.0
2395.0,1.0
2396.0,6.0
2398.0,4.0
2399.0,8.0
2401.0,4.0
2402.0,8.0
2403.0,4.0
2404.0,0.0
2405.0,8.0
2406.0,4.0
2407.0,8.0
2408.0,8.0
2409.0,8.0
2410.0,8.0
2411.0,0.0
2412.0,0.0
2413.0,4.0
2414.0,4.0
2416.0,8.0
2420.0,4.0
2421.0,0.0
2422.0,0.0
2423.0,4.0
2424.0,0.0
2427.0,4.0
2428.0,8.0
2429.0,8.0
2430.0,4.0
2431.0,8.0
2432.0,8.0
2433.0,4.0
2436.0,4.0
2439.0,4.0
2442.0,4.0
2443.0,4.0
2447.0,8.0
2448.0,8.0
2450.0,0.0
2453.0,8.0
2454.0,4.0
2455.0,4.0
2456.0,8.0
2457.0,4.0
2458.0,8.0
2459.0,4.0
2463.0,4.0
2467.0,4.0
2468.0,8.0
2469.0,8.0
2470.0,8.0
2471.0,0.0
2473.0,8.0
2474.0,4.0
2476.0,4.0
2478.0,8.0
2485.0,8.0
2488.0,4.0
2490.0,4.0
2496.0,8.0
2497.0,8.0
2500.0,8.0
2501.0,4.0
2502.0,1.0
2504.0,8.0
2505.0,8.0
2506.0,8.0
2511.0,4.0
2513.0,8.0
2514.0,8.0
2517.0,8.0
2518.0,4.0
2520.0,8.0
2524.0,8.0
2527.0,4.0
2528.0,4.0
2529.0,6.0
2530.0,8.0
2531.0,8.0
2532.0,8.0
2533.0,8.0
2539.0,8.0
2540.0,8.0
2541.0,8.0
2542.0,1.0
2549.0,8.0
2550.0,4.0
2551.0,4.0
2553.0,4.0
2555.0,8.0
2558.0,8.0
2560.0,4.0
2561.0,8.0
2565.0,4.0
2567.0,8.0
2568.0,8.0
2571.0,5.0
2572.0,8.0
2574.0,8.0
2575.0,4.0
2579.0,4.0
2580.0,4.0
2581.0,8.0
2583.0,4.0
2587.0,8.0
2594.0,4.0
2596.0,4.0
2598.0,8.0
2599.0,6.0
2600.0,4.0
2605.0,8.0
2606.0,8.0
2611.0,4.0
2612.0,4.0
2613.0,8.0
2615.0,8.0
2616.0,0.0
2617.0,0.0
2618.0,4.0
2622.0,4.0
2628.0,0.0
2633.0,4.0
2639.0,4.0
2640.0,4.0
2641.0,8.0
2642.0,0.0
2643.0,0.0
2644.0,4.0
2648.0,6.0
2654.0,4.0
2657.0,4.0
2660.0,4.0
2662.0,4.0
2664.0,6.0
2668.0,8.0
2670.0,4.0
2671.0,4.0
2672.0,8.0
2676.0,8.0
2677.0,4.0
2683.0,0.0
2686.0,4.0
2687.0,4.0
2688.0,8.0
2690.0,4.0
2692.0,1.0
2693.0,4.0
2694.0,8.0
2696.0,4.0
2699.0,0.0
2700.0,1.0
2701.0,0.0
2702.0,4.0
2706.0,8.0
2707.0,4.0
2709.0,4.0
2710.0,0.0
2712.0,4.0
2713.0,8.0
2716.0,2.0
2717.0,0.0
2718.0,8.0
2719.0,0.0
2720.0,0.0
2722.0,0.0
2723.0,8.0
2724.0,0.0
2726.0,6.0
2728.0,6.0
2729.0,4.0
2730.0,4.0
2731.0,6.0
2732.0,4.0
2734.0,4.0
2735.0,8.0
2736.0,4.0
2739.0,4.0
2745.0,4.0
2746.0,4.0
2747.0,4.0
2748.0,8.0
2750.0,4.0
2752.0,8.0
2759.0,4.0
2761.0,6.0
2762.0,5.0
2763.0,4.0
2764.0,4.0
2770.0,8.0
2771.0,8.0
2772.0,8.0
2779.0,4.0
2787.0,8.0
2788.0,6.0
2789.0,8.0
2791.0,6.0
2792.0,8.0
2793.0,8.0
2794.0,8.0
2795.0,4.0
2796.0,8.0
2797.0,2.0
2798.0,8.0
2799.0,8.0
2802.0,8.0
2803.0,8.0
2804.0,6.0
2805.0,8.0
2806.0,8.0
2807.0,8.0
2808.0,0.0
2810.0,4.0
2815.0,8.0
2816.0,8.0
2819.0,4.0
2822.0,8.0
2826.0,8.0
2827.0,8.0
2829.0,8.0
2836.0,4.0
2840.0,8.0
2841.0,4.0
2846.0,4.0
2852.0,4.0
2857.0,4.0
2858.0,5.0
2859.0,4.0
2860.0,8.0
2861.0,8.0
2862.0,8.0
2863.0,6.0
2866.0,4.0
2867.0,4.0
2870.0,4.0
2871.0,6.0
2872.0,4.0
2875.0,8.0
2877.0,8.0
2879.0,4.0
2881.0,8.0
2883.0,4.0
2889.0,4.0
2890.0,6.0
2891.0,4.0
2901.0,4.0
2902.0,8.0
2903.0,8.0
2905.0,4.0
2906.0,8.0
2907.0,8.0
2908.0,6.0
2912.0,4.0
2915.0,4.0
2916.0,4.0
2917.0,6.0
2918.0,2.0
2919.0,4.0
2921.0,4.0
2922.0,4.0
2924.0,4.0
2926.0,4.0
2927.0,4.0
2929.0,4.0
2932.0,4.0
2935.0,4.0
2936.0,4.0
2940.0,4.0
2941.0,4.0
2942.0,8.0
2943.0,4.0
2944.0,6.0
2946.0,4.0
2947.0,6.0
2948.0,6.0
2949.0,4.0
2950.0,8.0
2951.0,6.0
2952.0,4.0
2953.0,0.0
2956.0,4.0
2959.0,5.0
2961.0,8.0
2966.0,6.0
2967.0,4.0
2968.0,4.0
2970.0,4.0
2971.0,4.0
2973.0,6.0
2976.0,4.0
2978.0,8.0
2985.0,4.0
2986.0,0.0
2987.0,6.0
2989.0,4.0
2990.0,8.0
2991.0,4.0
2993.0,4.0
2995.0,8.0
2997.0,1.0
3000.0,1.0
3004.0,8.0
3005.0,8.0
3006.0,6.0
3007.0,4.0
3011.0,4.0
3015.0,4.0
3016.0,8.0
3018.0,4.0
3019.0,6.0
3020.0,4.0
3022.0,6.0
3024.0,8.0
3028.0,4.0
3029.0,4.0
3030.0,6.0
3032.0,4.0
3033.0,8.0
3034.0,4.0
3035.0,4.0
3036.0,4.0
3037.0,6.0
3039.0,4.0
3040.0,4.0
3044.0,4.0
3045.0,4.0
3051.0,4.0
3052.0,1.0
3053.0,8.0
3054.0,8.0
3060.0,4.0
3061.0,4.0
3062.0,4.0
3063.0,8.0
3066.0,4.0
3067.0,4.0
3068.0,4.0
3070.0,4.0
3071.0,4.0
3072.0,4.0
3074.0,4.0
3075.0,4.0
3077.0,4.0
3079.0,4.0
3081.0,4.0
3082.0,8.0
3083.0,4.0
3087.0,4.0
3088.0,6.0
3089.0,6.0
3090.0,4.0
3091.0,4.0
3093.0,4.0
3095.0,6.0
3097.0,4.0
3098.0,4.0
3099.0,4.0
3100.0,4.0
3101.0,4.0
3102.0,4.0
3104.0,6.0
3105.0,4.0
3107.0,8.0
3108.0,4.0
3111.0,4.0
3113.0,0.0
3114.0,2.0
3120.0,8.0
3125.0,4.0
3129.0,4.0
3130.0,8.0
3134.0,6.0
3135.0,4.0
3142.0,4.0
3145.0,4.0
3146.0,8.0
3147.0,2.0
3148.0,4.0
3152.0,6.0
3153.0,4.0
3155.0,4.0
3156.0,8.0
3157.0,8.0
3159.0,4.0
3160.0,1.0
3163.0,4.0
3167.0,4.0
3168.0,4.0
3169.0,4.0
3173.0,8.0
3174.0,4.0
3175.0,4.0
3176.0,4.0
3177.0,8.0
3178.0,4.0
3179.0,4.0
3181.0,4.0
3182.0,4.0
3185.0,4.0
3186.0,4.0
3189.0,4.0
3190.0,8.0
3194.0,4.0
3196.0,6.0
3197.0,8.0
3198.0,6.0
3200.0,4.0
3201.0,4.0
3203.0,4.0
3204.0,4.0
3208.0,8.0
3210.0,4.0
3213.0,4.0
3219.0,8.0
3238.0,8.0
3243.0,8.0
3244.0,4.0
3246.0,4.0
3247.0,0.0
3248.0,8.0
3249.0,8.0
3250.0,4.0
3251.0,4.0
3252.0,4.0
3253.0,4.0
3254.0,8.0
3255.0,4.0
3256.0,4.0
3257.0,0.0
3258.0,8.0
3259.0,8.0
3260.0,4.0
3261.0,4.0
3262.0,4.0
3263.0,8.0
3264.0,8.0
3265.0,4.0
3266.0,4.0
3267.0,4.0
3268.0,0.0
3269.0,8.0
3270.0,4.0
3271.0,4.0
3272.0,4.0
3273.0,0.0
3274.0,8.0
3275.0,4.0
3285.0,8.0
3296.0,4.0
3298.0,4.0
3300.0,4.0
3301.0,8.0
3307.0,6.0
3308.0,4.0
3310.0,4.0
3316.0,8.0
3317.0,6.0
3324.0,8.0
3326.0,8.0
3328.0,4.0
3334.0,6.0
3342.0,4.0
3347.0,4.0
3354.0,0.0
3355.0,8.0
3358.0,4.0
3359.0,6.0
3360.0,4.0
3361.0,6.0
3362.0,6.0
3363.0,6.0
3364.0,4.0
3365.0,6.0
3384.0,4.0
3386.0,4.0
3387.0,8.0
3388.0,8.0
3392.0,8.0
3394.0,8.0
3396.0,4.0
3397.0,4.0
3398.0,4.0
3404.0,4.0
3408.0,4.0
3409.0,8.0
3412.0,4.0
3418.0,4.0
3420.0,4.0
3421.0,6.0
3422.0,4.0
3424.0,6.0
3426.0,4.0
3429.0,4.0
3430.0,4.0
3435.0,6.0
3438.0,8.0
3439.0,8.0
3440.0,8.0
3441.0,8.0
3444.0,8.0
3448.0,4.0
3450.0,4.0
3451.0,4.0
3452.0,8.0
3461.0,4.0
3462.0,6.0
3466.0,4.0
3467.0,4.0
3468.0,6.0
3469.0,4.0
3471.0,6.0
3476.0,4.0
3477.0,4.0
3478.0,4.0
3479.0,4.0
3480.0,4.0
3481.0,1.0
3483.0,8.0
3484.0,8.0
3489.0,8.0
3494.0,4.0
3498.0,4.0
3499.0,6.0
3500.0,8.0
3501.0,4.0
3503.0,4.0
3504.0,6.0
3505.0,4.0
3507.0,4.0
3508.0,4.0
3510.0,4.0
3512.0,4.0
3513.0,8.0
3519.0,4.0
3521.0,4.0
3524.0,4.0
3525.0,8.0
3526.0,4.0
3527.0,4.0
3528.0,8.0
3529.0,4.0
3534.0,8.0
3535.0,4.0
3536.0,4.0
3538.0,4.0
3543.0,4.0
3545.0,4.0
3546.0,4.0
3548.0,4.0
3549.0,4.0
3550.0,4.0
3551.0,6.0
3552.0,4.0
3555.0,8.0
3556.0,4.0
3557.0,8.0
3564.0,8.0
3565.0,8.0
3566.0,4.0
3576.0,4.0
3578.0,2.0
3591.0,4.0
3593.0,0.0
3594.0,4.0
3598.0,4.0
3608.0,4.0
3614.0,8.0
3615.0,8.0
3616.0,8.0
3617.0,8.0
3618.0,4.0
3623.0,0.0
3624.0,4.0
3629.0,6.0
3633.0,4.0
3634.0,4.0
3635.0,4.0
3638.0,8.0
3639.0,4.0
3646.0,8.0
3649.0,8.0
3654.0,4.0
3668.0,4.0
3671.0,6.0
3672.0,8.0
3675.0,4.0
3676.0,4.0
3677.0,4.0
3681.0,6.0
3682.0,4.0
3683.0,6.0
3684.0,4.0
3685.0,4.0
3686.0,8.0
3688.0,8.0
3689.0,8.0
3690.0,8.0
3693.0,8.0
3697.0,8.0
3698.0,8.0
3699.0,4.0
3700.0,4.0
3701.0,4.0
3702.0,4.0
3703.0,6.0
3704.0,8.0
3705.0,8.0
3706.0,4.0
3707.0,8.0
3708.0,8.0
3710.0,8.0
3712.0,4.0
3717.0,0.0
3723.0,4.0
3724.0,4.0
3726.0,4.0
3727.0,4.0
3728.0,4.0
3729.0,4.0
3730.0,6.0
3733.0,4.0
3735.0,6.0
3740.0,4.0
3741.0,6.0
3742.0,4.0
3744.0,8.0
3745.0,8.0
3751.0,6.0
3752.0,8.0
3753.0,8.0
3754.0,8.0
3755.0,8.0
3760.0,4.0
3763.0,4.0
3764.0,8.0
3766.0,8.0
3770.0,4.0
3783.0,4.0
3784.0,8.0
3785.0,0.0
3786.0,4.0
3788.0,4.0
3791.0,8.0
3793.0,2.0
3798.0,8.0
3801.0,4.0
3802.0,8.0
3809.0,4.0
3811.0,4.0
3812.0,4.0
3814.0,4.0
3819.0,4.0
3821.0,8.0
3824.0,8.0
3825.0,8.0
3826.0,0.0
3827.0,8.0
3831.0,4.0
3835.0,8.0
3836.0,4.0
3841.0,8.0
3844.0,4.0
3852.0,4.0
3858.0,4.0
3861.0,8.0
3863.0,8.0
3864.0,8.0
3865.0,4.0
3868.0,4.0
3869.0,8.0
3871.0,4.0
3873.0,4.0
3877.0,8.0
3879.0,8.0
3882.0,8.0
3889.0,8.0
3893.0,4.0
3895.0,8.0
3896.0,4.0
3897.0,1.0
3908.0,8.0
3910.0,4.0
3911.0,6.0
3916.0,4.0
3917.0,4.0
3918.0,8.0
3925.0,4.0
3927.0,4.0
3928.0,4.0
3930.0,4.0
3932.0,4.0
3946.0,8.0
3948.0,4.0
3949.0,1.0
3950.0,4.0
3952.0,4.0
3953.0,8.0
3955.0,8.0
3959.0,4.0
3967.0,4.0
3968.0,8.0
3969.0,8.0
3972.0,4.0
3973.0,8.0
3977.0,0.0
3978.0,8.0
3979.0,8.0
3980.0,4.0
3981.0,8.0
3983.0,6.0
3984.0,4.0
3986.0,8.0
3987.0,8.0
3988.0,8.0
3991.0,8.0
3993.0,4.0
3994.0,4.0
3996.0,1.0
3997.0,8.0
3998.0,8.0
3999.0,8.0
4002.0,4.0
4003.0,8.0
4005.0,8.0
4006.0,8.0
4007.0,4.0
4008.0,4.0
4009.0,4.0
4010.0,8.0
4011.0,1.0
4014.0,4.0
4015.0,0.0
4016.0,4.0
4017.0,4.0
4018.0,8.0
4019.0,4.0
4020.0,4.0
4021.0,4.0
4022.0,4.0
4023.0,8.0
4025.0,0.0
4027.0,1.0
4029.0,4.0
4030.0,8.0
4031.0,8.0
4033.0,4.0
4034.0,1.0
4036.0,4.0
4037.0,4.0
4039.0,8.0
4040.0,8.0
4041.0,4.0
4047.0,4.0
4052.0,8.0
4054.0,8.0
4055.0,4.0
4056.0,4.0
4061.0,4.0
4062.0,4.0
4066.0,4.0
4067.0,4.0
4069.0,8.0
4079.0,4.0
4080.0,4.0
4082.0,4.0
4084.0,8.0
4085.0,4.0
4086.0,4.0
4090.0,4.0
4091.0,8.0
4102.0,4.0
4103.0,4.0
4104.0,8.0
4105.0,4.0
4117.0,4.0
4121.0,4.0
4124.0,8.0
4128.0,4.0
4132.0,8.0
4133.0,8.0
4144.0,4.0
4148.0,8.0
4149.0,8.0
4155.0,8.0
4158.0,8.0
4159.0,8.0
4161.0,8.0
4167.0,8.0
4205.0,4.0
4207.0,8.0
4210.0,4.0
4211.0,4.0
4214.0,8.0
4215.0,8.0
4218.0,4.0
4220.0,4.0
4223.0,4.0
4224.0,8.0
4225.0,4.0
4226.0,5.0
4228.0,8.0
4231.0,8.0
4232.0,8.0
4234.0,8.0
4235.0,1.0
4238.0,8.0
4239.0,4.0
4246.0,4.0
4247.0,8.0
4248.0,8.0
4254.0,8.0
4255.0,8.0
4262.0,1.0
4265.0,8.0
4267.0,8.0
4270.0,0.0
4275.0,8.0
4276.0,4.0
4280.0,4.0
4285.0,4.0
4291.0,4.0
4292.0,4.0
4296.0,4.0
4299.0,8.0
4304.0,4.0
4305.0,8.0
4306.0,2.0
4308.0,4.0
4310.0,0.0
4317.0,8.0
4318.0,4.0
4321.0,4.0
4322.0,4.0
4326.0,4.0
4327.0,6.0
4329.0,4.0
4333.0,8.0
4340.0,8.0
4343.0,8.0
4344.0,8.0
4345.0,4.0
4349.0,4.0
4351.0,8.0
4356.0,4.0
4359.0,4.0
4361.0,6.0
4366.0,8.0
4367.0,0.0
4368.0,8.0
4369.0,0.0
4370.0,8.0
4372.0,4.0
4378.0,4.0
4380.0,4.0
4383.0,4.0
4386.0,8.0
4387.0,8.0
4388.0,0.0
4396.0,8.0
4406.0,4.0
4407.0,4.0
4410.0,4.0
4427.0,4.0
4432.0,4.0
4437.0,4.0
4443.0,4.0
4446.0,8.0
4447.0,8.0
4448.0,4.0
4450.0,4.0
4452.0,4.0
4464.0,4.0
4465.0,4.0
4467.0,4.0
4474.0,8.0
4477.0,8.0
4478.0,4.0
4480.0,8.0
4483.0,8.0
4487.0,8.0
4488.0,4.0
4489.0,4.0
4492.0,8.0
4498.0,4.0
4499.0,4.0
4502.0,8.0
4506.0,4.0
4508.0,4.0
4509.0,4.0
4519.0,4.0
4526.0,8.0
4531.0,8.0
4533.0,4.0
4535.0,4.0
4541.0,4.0
4544.0,8.0
4545.0,8.0
4546.0,4.0
4553.0,4.0
4557.0,4.0
4558.0,8.0
4563.0,8.0
4564.0,4.0
4571.0,4.0
4572.0,4.0
4577.0,4.0
4587.0,8.0
4613.0,8.0
4616.0,4.0
4621.0,8.0
4623.0,4.0
4624.0,4.0
4638.0,0.0
4639.0,8.0
4641.0,1.0
4642.0,4.0
4643.0,0.0
4649.0,4.0
4654.0,8.0
4661.0,4.0
4662.0,4.0
4673.0,8.0
4676.0,8.0
4677.0,8.0
4678.0,4.0
4679.0,4.0
4681.0,8.0
4682.0,8.0
4686.0,8.0
4700.0,8.0
4701.0,8.0
4703.0,4.0
4705.0,4.0
4713.0,4.0
4718.0,0.0
4719.0,8.0
4720.0,4.0
4723.0,4.0
4725.0,4.0
4727.0,8.0
4728.0,8.0
4732.0,8.0
4733.0,4.0
4734.0,8.0
4735.0,8.0
4744.0,8.0
4745.0,4.0
4748.0,8.0
4754.0,4.0
4756.0,8.0
4757.0,8.0
4770.0,8.0
4776.0,4.0
4787.0,4.0
4799.0,4.0
4803.0,4.0
4809.0,4.0
4812.0,8.0
4814.0,8.0
4815.0,4.0
4816.0,8.0
4821.0,4.0
4823.0,8.0
4835.0,4.0
4844.0,4.0
4846.0,4.0
4848.0,1.0
4855.0,6.0
4857.0,4.0
4865.0,4.0
4866.0,4.0
4867.0,8.0
4873.0,4.0
4874.0,8.0
4876.0,8.0
4878.0,1.0
4880.0,4.0
4881.0,4.0
4886.0,2.0
4887.0,8.0
4889.0,4.0
4890.0,8.0
4896.0,2.0
4899.0,8.0
4901.0,4.0
4902.0,4.0
4903.0,4.0
4912.0,4.0
4914.0,4.0
4915.0,8.0
4929.0,8.0
4936.0,4.0
4941.0,8.0
4951.0,4.0
4954.0,4.0
4958.0,8.0
4963.0,2.0
4967.0,4.0
4970.0,4.0
4971.0,4.0
4973.0,1.0
4974.0,8.0
4975.0,4.0
4976.0,4.0
4978.0,4.0
4979.0,1.0
4980.0,8.0
4990.0,4.0
4992.0,8.0
4993.0,3.0
4994.0,8.0
4995.0,2.0
5008.0,4.0
5009.0,4.0
5010.0,4.0
5013.0,6.0
5014.0,4.0
5015.0,4.0
5016.0,4.0
5021.0,4.0
5025.0,8.0
5026.0,4.0
5027.0,8.0
5034.0,4.0
5039.0,4.0
5040.0,8.0
5047.0,8.0
5049.0,4.0
5051.0,4.0
5055.0,4.0
5060.0,6.0
5064.0,4.0
5065.0,8.0
5066.0,8.0
5072.0,4.0
5074.0,4.0
5093.0,8.0
5094.0,8.0
5102.0,8.0
5103.0,4.0
5105.0,4.0
5107.0,4.0
5108.0,8.0
5110.0,4.0
5111.0,8.0
5120.0,4.0
5128.0,8.0
5135.0,4.0
5139.0,4.0
5146.0,4.0
5147.0,4.0
5151.0,8.0
5152.0,4.0
5159.0,8.0
5171.0,8.0
5177.0,4.0
5214.0,4.0
5218.0,4.0
5219.0,8.0
5220.0,8.0
5222.0,4.0
5225.0,4.0
5237.0,4.0
5247.0,4.0
5254.0,8.0
5265.0,8.0
5266.0,4.0
5267.0,4.0
5282.0,8.0
5283.0,8.0
5291.0,6.0
5292.0,4.0
5293.0,4.0
5294.0,4.0
5296.0,8.0
5298.0,4.0
5299.0,4.0
5303.0,8.0
5308.0,8.0
5309.0,8.0
5312.0,8.0
5313.0,8.0
5316.0,4.0
5319.0,4.0
5323.0,8.0
5325.0,4.0
5329.0,4.0
5339.0,4.0
5349.0,2.0
5363.0,8.0
5364.0,4.0
5377.0,4.0
5378.0,0.0
5379.0,4.0
5380.0,4.0
5385.0,4.0
5388.0,4.0
5391.0,4.0
5400.0,8.0
5401.0,8.0
5410.0,4.0
5414.0,8.0
5415.0,8.0
5418.0,2.0
5419.0,8.0
5420.0,8.0
5421.0,4.0
5438.0,8.0
5444.0,4.0
5445.0,2.0
5446.0,4.0
5449.0,8.0
5452.0,0.0
5459.0,0.0
5463.0,8.0
5464.0,4.0
5478.0,8.0
5479.0,4.0
5481.0,0.0
5489.0,4.0
5500.0,4.0
5502.0,4.0
5504.0,8.0
5505.0,4.0
5506.0,8.0
5507.0,0.0
5508.0,4.0
5522.0,4.0
5524.0,8.0
5528.0,4.0
5530.0,8.0
5540.0,4.0
5541.0,8.0
5544.0,4.0
5548.0,4.0
5553.0,4.0
5568.0,4.0
5572.0,4.0
5574.0,8.0
5577.0,4.0
5582.0,8.0
5602.0,4.0
5608.0,4.0
5617.0,4.0
5618.0,1.0
5620.0,8.0
5621.0,8.0
5630.0,4.0
5650.0,4.0
5666.0,4.0
5668.0,4.0
5669.0,1.0
5673.0,4.0
5679.0,4.0
5680.0,4.0
5690.0,4.0
5693.0,4.0
5712.0,4.0
5747.0,4.0
5772.0,4.0
5782.0,4.0
5784.0,8.0
5785.0,8.0
5791.0,4.0
5792.0,4.0
5796.0,8.0
5803.0,8.0
5804.0,8.0
5809.0,4.0
5810.0,4.0
5812.0,4.0
5816.0,4.0
5833.0,4.0
5843.0,4.0
5853.0,4.0
5872.0,8.0
5876.0,4.0
5878.0,4.0
5881.0,4.0
5882.0,4.0
5893.0,4.0
5899.0,4.0
5900.0,8.0
5902.0,1.0
5903.0,4.0
5941.0,4.0
5942.0,8.0
5943.0,8.0
5944.0,8.0
5945.0,4.0
5952.0,3.0
5954.0,4.0
5955.0,4.0
5956.0,4.0
5957.0,8.0
5959.0,4.0
5970.0,8.0
5971.0,4.0
5989.0,2.0
5991.0,4.0
5992.0,4.0
5995.0,1.0
6001.0,4.0
6003.0,4.0
6006.0,8.0
6016.0,1.0
6058.0,8.0
6059.0,8.0
6062.0,4.0
6078.0,4.0
6093.0,4.0
6104.0,4.0
6155.0,8.0
6156.0,8.0
6157.0,0.0
6166.0,8.0
6170.0,4.0
6184.0,4.0
6187.0,4.0
6188.0,4.0
6197.0,4.0
6212.0,8.0
6213.0,8.0
6214.0,4.0
6218.0,4.0
6235.0,4.0
6238.0,8.0
6242.0,4.0
6250.0,8.0
6263.0,8.0
6264.0,8.0
6281.0,4.0
6283.0,4.0
6286.0,4.0
6287.0,8.0
6290.0,8.0
6291.0,4.0
6294.0,8.0
6296.0,4.0
6297.0,4.0
6299.0,4.0
6301.0,4.0
6303.0,4.0
6305.0,4.0
6322.0,4.0
6323.0,4.0
6331.0,4.0
6333.0,2.0
6338.0,8.0
6350.0,4.0
6365.0,8.0
6367.0,4.0
6370.0,4.0
6373.0,8.0
6377.0,2.0
6378.0,4.0
6379.0,8.0
6380.0,4.0
6383.0,8.0
6385.0,4.0
6436.0,4.0
6440.0,4.0
6461.0,4.0
6482.0,8.0
6484.0,8.0
6502.0,1.0
6503.0,0.0
6534.0,0.0
6535.0,8.0
6537.0,8.0
6538.0,4.0
6539.0,2.0
6541.0,0.0
6548.0,8.0
6550.0,8.0
6552.0,4.0
6564.0,8.0
6565.0,4.0
6586.0,8.0
6591.0,4.0
6593.0,8.0
6595.0,8.0
6615.0,8.0
6617.0,4.0
6618.0,4.0
6620.0,4.0
6636.0,4.0
6639.0,4.0
6645.0,4.0
6650.0,4.0
6659.0,4.0
6662.0,4.0
6663.0,4.0
6664.0,8.0
6666.0,4.0
6669.0,4.0
6707.0,8.0
6708.0,4.0
6709.0,8.0
6711.0,1.0
6721.0,4.0
6724.0,4.0
6731.0,4.0
6753.0,4.0
6754.0,8.0
6755.0,4.0
6764.0,4.0
6765.0,4.0
6773.0,4.0
6774.0,4.0
6777.0,4.0
6785.0,4.0
6786.0,4.0
6787.0,6.0
6791.0,4.0
6793.0,8.0
6794.0,8.0
6796.0,4.0
6800.0,8.0
6807.0,1.0
6808.0,4.0
6810.0,8.0
6820.0,4.0
6832.0,4.0
6852.0,4.0
6857.0,4.0
6862.0,4.0
6863.0,4.0
6867.0,4.0
6870.0,1.0
6873.0,4.0
6874.0,1.0
6879.0,4.0
6880.0,8.0
6881.0,4.0
6888.0,8.0
6889.0,4.0
6890.0,4.0
6893.0,4.0
6932.0,4.0
6934.0,0.0
6936.0,4.0
6942.0,4.0
6944.0,8.0
6947.0,4.0
6950.0,4.0
6951.0,8.0
6952.0,8.0
6953.0,4.0
6954.0,4.0
6957.0,4.0
6959.0,8.0
6966.0,4.0
6974.0,4.0
6979.0,4.0
6987.0,4.0
6993.0,4.0
6996.0,8.0
7000.0,8.0
7001.0,4.0
7004.0,8.0
7007.0,4.0
7008.0,4.0
7013.0,4.0
7017.0,8.0
7018.0,4.0
7022.0,4.0
7027.0,4.0
7034.0,4.0
7036.0,8.0
7044.0,4.0
7045.0,4.0
7046.0,4.0
7060.0,4.0
7063.0,4.0
7064.0,4.0
7072.0,4.0
7073.0,4.0
7076.0,4.0
7084.0,4.0
7090.0,1.0
7091.0,4.0
7099.0,4.0
7101.0,8.0
7102.0,8.0
7116.0,4.0
7121.0,4.0
7123.0,4.0
7132.0,4.0
7137.0,4.0
7139.0,4.0
7143.0,4.0
7147.0,1.0
7149.0,4.0
7150.0,8.0
7151.0,4.0
7153.0,3.0
7154.0,8.0
7155.0,4.0
7156.0,4.0
7158.0,4.0
7160.0,4.0
7161.0,8.0
7162.0,4.0
7163.0,8.0
7164.0,4.0
7173.0,8.0
7215.0,4.0
7228.0,8.0
7234.0,4.0
7235.0,4.0
7247.0,4.0
7254.0,4.0
7256.0,4.0
7263.0,4.0
7265.0,4.0
7285.0,4.0
7293.0,8.0
7317.0,8.0
7318.0,8.0
7323.0,4.0
7324.0,4.0
7325.0,8.0
7327.0,4.0
7346.0,4.0
7347.0,8.0
7348.0,4.0
7360.0,4.0
7361.0,1.0
7362.0,8.0
7366.0,8.0
7367.0,8.0
7371.0,4.0
7373.0,4.0
7376.0,8.0
7380.0,4.0
7381.0,8.0
7386.0,4.0
7387.0,4.0
7419.0,4.0
7438.0,1.0
7439.0,8.0
7444.0,8.0
7445.0,4.0
7451.0,4.0
7454.0,8.0
7458.0,8.0
7460.0,4.0
7481.0,4.0
7482.0,4.0
7502.0,4.0
7560.0,4.0
7569.0,4.0
7570.0,4.0
7573.0,4.0
7618.0,4.0
7649.0,4.0
7698.0,4.0
7701.0,8.0
7706.0,4.0
7757.0,4.0
7766.0,4.0
7802.0,4.0
7836.0,4.0
7842.0,4.0
7925.0,4.0
7934.0,4.0
7980.0,4.0
7981.0,4.0
8014.0,4.0
8042.0,4.0
8132.0,4.0
8154.0,4.0
8169.0,4.0
8207.0,4.0
8228.0,4.0
8337.0,4.0
8340.0,4.0
8360.0,4.0
8361.0,8.0
8366.0,4.0
8368.0,2.0
8370.0,4.0
8371.0,8.0
8372.0,8.0
8373.0,8.0
8376.0,4.0
8387.0,8.0
8464.0,4.0
8493.0,4.0
8501.0,4.0
8507.0,4.0
8526.0,8.0
8528.0,8.0
8529.0,4.0
8531.0,8.0
8533.0,4.0
8542.0,4.0
8581.0,4.0
8596.0,4.0
8610.0,4.0
8614.0,4.0
8622.0,4.0
8623.0,4.0
8633.0,4.0
8636.0,2.0
8638.0,4.0
8640.0,8.0
8641.0,4.0
8644.0,8.0
8645.0,4.0
8665.0,2.0
8666.0,8.0
8781.0,4.0
8783.0,8.0
8784.0,1.0
8798.0,4.0
8807.0,4.0
8810.0,8.0
8827.0,4.0
8860.0,8.0
8861.0,8.0
8865.0,8.0
8866.0,4.0
8870.0,8.0
8873.0,4.0
8874.0,1.0
8879.0,4.0
8880.0,4.0
8907.0,8.0
8908.0,4.0
8910.0,4.0
8914.0,4.0
8917.0,4.0
8937.0,4.0
8947.0,8.0
8948.0,8.0
8949.0,1.0
8950.0,4.0
8951.0,4.0
8957.0,4.0
8958.0,4.0
8961.0,2.0
8965.0,4.0
8966.0,4.0
8968.0,4.0
8969.0,8.0
8970.0,4.0
8972.0,8.0
8973.0,4.0
8977.0,8.0
8981.0,4.0
8983.0,4.0
8984.0,8.0
8985.0,8.0
26131.0,4.0
26133.0,4.0
26152.0,4.0
26242.0,4.0
26555.0,4.0
26614.0,4.0
26662.0,4.0
26680.0,4.0
26729.0,4.0
26776.0,4.0
27266.0,4.0
